employee_id,first_name,last_name,email,phone_number,hire_date,job_id,salary,commission_pct,manager_id,department_id
100,Steven,King,SKING,515.123.4567,2003-06-17,AD_PRES,24000.0,,,90.0
101,Neena,Kochhar,NKOCHHAR,515.123.4568,1997-09-21,AD_VP,19679.63,,100.0,90.0
102,Lex,De Haan,LDEHAAN,515.123.4569,2001-01-13,AD_VP,19679.63,,100.0,90.0
103,Alexander,Hunold,AHUNOLD,590.423.4567,2006-01-03,IT_PROG,9000.0,,102.0,60.0
104,Bruce,Ernst,BERNST,590.423.4568,2007-05-21,IT_PROG,6300.0,,103.0,60.0
105,David,Austin,DAUSTIN,590.423.4569,2005-06-25,IT_PROG,5556.6,,103.0,60.0
106,Valli,Pataballa,VPATABAL,590.423.4560,2006-02-05,IT_PROG,5556.6,,103.0,60.0
107,Diana,Lorentz,DLORENTZ,590.423.5567,2007-02-07,IT_PROG,4862.03,,103.0,60.0
108,Nancy,Greenberg,NGREENBE,515.124.4569,2002-08-17,FI_MGR,12008.0,,101.0,100.0
109,Daniel,Faviet,DFAVIET,515.124.4169,2002-08-16,FI_ACCOUNT,9450.0,,108.0,100.0
110,John,Chen,JCHEN,515.124.4269,2005-09-28,FI_ACCOUNT,9510.0,,108.0,100.0
111,Ismael,Sciarra,ISCIARRA,515.124.4369,2005-09-30,FI_ACCOUNT,8913.71,,108.0,100.0
112,Jose Manuel,Urman,JMURMAN,515.124.4469,2006-03-07,FI_ACCOUNT,9029.48,,108.0,100.0
113,Luis,Popp,LPOPP,515.124.4567,2007-12-07,FI_ACCOUNT,7987.61,,108.0,100.0
114,Den,Raphaely,DRAPHEAL,515.127.4561,2002-12-07,PU_MAN,11000.0,,100.0,30.0
115,Alexander,Khoo,AKHOO,515.127.4562,2003-05-18,PU_CLERK,3588.64,,114.0,30.0
116,Shelli,Baida,SBAIDA,515.127.4563,2005-12-24,PU_CLERK,3357.11,,114.0,30.0
117,Sigal,Tobias,STOBIAS,515.127.4564,2005-07-24,PU_CLERK,3241.35,,114.0,30.0
118,Guy,Himuro,GHIMURO,515.127.4565,2006-11-15,PU_CLERK,3009.83,,114.0,30.0
119,Karen,Colmenares,KCOLMENA,515.127.4566,2007-08-10,PU_CLERK,2894.06,,114.0,30.0
120,Matthew,Weiss,MWEISS,650.123.1234,2004-07-18,ST_MAN,8002.0,,100.0,50.0
121,Adam,Fripp,AFRIPP,650.123.2234,2005-04-10,ST_MAN,8202.0,,100.0,50.0
122,Payam,Kaufling,PKAUFLIN,650.123.3234,2003-05-01,ST_MAN,7902.0,,100.0,50.0
123,Shanta,Vollman,SVOLLMAN,650.123.4234,2005-10-10,ST_MAN,6502.0,,100.0,50.0
124,Kevin,Mourgos,KMOURGOS,650.123.5234,2007-11-16,ST_MAN,5802.0,,100.0,50.0
125,Julia,Nayer,JNAYER,650.124.1214,2005-07-16,ST_CLERK,3706.72,,120.0,50.0
126,Irene,Mikkilineni,IMIKKILI,650.124.1224,2006-09-28,ST_CLERK,3127.91,,120.0,50.0
127,James,Landry,JLANDRY,650.124.1334,2007-01-14,ST_CLERK,2780.62,,120.0,50.0
128,Steven,Markle,SMARKLE,650.124.1434,2008-03-08,ST_CLERK,2549.1,,120.0,50.0
129,Laura,Bissot,LBISSOT,650.124.5234,2005-08-20,ST_CLERK,3822.48,,121.0,50.0
130,Mozhe,Atkinson,MATKINSO,650.124.6234,2005-10-30,ST_CLERK,3243.67,,121.0,50.0
131,James,Marlow,JAMRLOW,650.124.7234,2005-02-16,ST_CLERK,2896.38,,121.0,50.0
132,TJ,Olson,TJOLSON,650.124.8234,2007-04-10,ST_CLERK,2433.33,,121.0,50.0
133,Jason,Mallin,JMALLIN,650.127.1934,2004-06-14,ST_CLERK,3822.48,,122.0,50.0
134,Michael,Rogers,MROGERS,650.127.1834,2006-08-26,ST_CLERK,3359.43,,122.0,50.0
135,Ki,Gee,KGEE,650.127.1734,2007-12-12,ST_CLERK,2780.62,,122.0,50.0
136,Hazel,Philtanker,HPHILTAN,650.127.1634,2008-02-06,ST_CLERK,2549.1,,122.0,50.0
137,Renske,Ladwig,RLADWIG,650.121.1234,2003-07-14,ST_CLERK,3782.1,,123.0,50.0
138,Stephen,Stiles,SSTILES,650.121.2034,2005-10-26,ST_CLERK,3706.72,,123.0,50.0
139,John,Seo,JSEO,650.121.2019,2006-02-12,ST_CLERK,3127.91,,123.0,50.0
140,Joshua,Patel,JPATEL,650.121.1834,2006-04-06,ST_CLERK,2896.38,,123.0,50.0
141,Trenna,Rajs,TRAJS,650.121.8009,2003-10-17,ST_CLERK,3860.96,,124.0,50.0
142,Curtis,Davies,CDAVIES,650.121.2994,2005-01-29,ST_CLERK,3590.96,,124.0,50.0
143,Randall,Matos,RMATOS,650.121.2874,2006-03-15,ST_CLERK,3012.15,,124.0,50.0
144,Peter,Vargas,PVARGAS,650.121.2004,2006-07-09,ST_CLERK,2896.38,,124.0,50.0
145,John,Russell,JRUSSEL,011.44.1344.429268,2004-10-01,SA_MAN,14000.0,0.4,100.0,80.0
146,Karen,Partners,KPARTNER,011.44.1344.467268,2005-01-05,SA_MAN,13500.0,0.3,100.0,80.0
147,Alberto,Errazuriz,AERRAZUR,011.44.1344.429278,2005-03-10,SA_MAN,12000.0,0.3,100.0,80.0
148,Gerald,Cambrault,GCAMBRAU,011.44.1344.619268,2007-10-15,SA_MAN,11000.0,0.3,100.0,80.0
149,Eleni,Zlotkey,EZLOTKEY,011.44.1344.429018,2008-01-29,SA_MAN,10500.0,0.2,100.0,80.0
150,Peter,Tucker,PTUCKER,011.44.1344.129268,2005-01-30,SA_REP,10000.0,0.3,145.0,80.0
151,David,Bernstein,DBERNSTE,011.44.1344.345268,2005-03-24,SA_REP,9500.0,0.25,145.0,80.0
152,Peter,Hall,PHALL,011.44.1344.478968,2005-08-20,SA_REP,9450.0,0.25,145.0,80.0
153,Christopher,Olsen,COLSEN,011.44.1344.498718,2006-03-30,SA_REP,9261.0,0.2,145.0,80.0
154,Nanette,Cambrault,NCAMBRAU,011.44.1344.987668,2006-12-09,SA_REP,8682.19,0.2,145.0,80.0
155,Oliver,Tuvault,OTUVAULT,011.44.1344.486508,2007-11-23,SA_REP,8103.38,0.15,145.0,80.0
156,Janette,King,JKING,011.44.1345.429268,2004-01-30,SA_REP,10000.0,0.35,146.0,80.0
157,Patrick,Sully,PSULLY,011.44.1345.929268,2004-03-04,SA_REP,9500.0,0.35,146.0,80.0
158,Allan,Mcewen,AMCEWEN,011.44.1345.829268,2004-08-01,SA_REP,9450.0,0.35,146.0,80.0
159,Lindsey,Smith,LSMITH,011.44.1345.729268,2005-03-10,SA_REP,9261.0,0.3,146.0,80.0
160,Louise,Doran,LDORAN,011.44.1345.629268,2005-12-15,SA_REP,8682.19,0.3,146.0,80.0
161,Sarath,Sewall,SSEWALL,011.44.1345.529268,2006-11-03,SA_REP,8103.38,0.25,146.0,80.0
162,Clara,Vishney,CVISHNEY,011.44.1346.129268,2005-11-11,SA_REP,10500.0,0.25,147.0,80.0
163,Danielle,Greene,DGREENE,011.44.1346.229268,2007-03-19,SA_REP,9500.0,0.15,147.0,80.0
164,Mattea,Marvins,MMARVINS,011.44.1346.329268,2008-01-24,SA_REP,8334.9,0.1,147.0,80.0
165,David,Lee,DLEE,011.44.1346.529268,2008-02-23,SA_REP,7871.85,0.1,147.0,80.0
166,Sundar,Ande,SANDE,011.44.1346.629268,2008-03-24,SA_REP,7408.8,0.1,147.0,80.0
167,Amit,Banda,ABANDA,011.44.1346.729268,2008-04-21,SA_REP,7177.28,0.1,147.0,80.0
168,Lisa,Ozer,LOZER,011.44.1343.929268,2005-03-11,SA_REP,11500.0,0.25,148.0,80.0
169,Harrison,Bloom,HBLOOM,011.44.1343.829268,2006-03-23,SA_REP,10000.0,0.2,148.0,80.0
170,Tayler,Fox,TFOX,011.44.1343.729268,2006-01-24,SA_REP,9600.0,0.2,148.0,80.0
171,William,Smith,WSMITH,011.44.1343.629268,2007-02-23,SA_REP,8566.43,0.15,148.0,80.0
172,Elizabeth,Bates,EBATES,011.44.1343.529268,2007-03-24,SA_REP,8450.66,0.15,148.0,80.0
173,Sundita,Kumar,SKUMAR,011.44.1343.329268,2008-04-21,SA_REP,7061.51,0.1,148.0,80.0
174,Ellen,Abel,EABEL,011.44.1644.429267,2004-05-11,SA_REP,11000.0,0.3,149.0,80.0
175,Alyssa,Hutton,AHUTTON,011.44.1644.429266,2005-03-19,SA_REP,9702.0,0.25,149.0,80.0
176,Jonathon,Taylor,JTAYLOR,011.44.1644.429265,2006-03-24,SA_REP,9955.58,0.2,149.0,80.0
177,Jack,Livingston,JLIVINGS,011.44.1644.429264,2006-04-23,SA_REP,9724.05,0.2,149.0,80.0
178,Kimberely,Grant,KGRANT,011.44.1644.429263,2007-05-24,SA_REP,7000.0,0.15,149.0,
179,Charles,Johnson,CJOHNSON,011.44.1644.429262,2008-01-04,SA_REP,7177.28,0.1,149.0,80.0
180,Winston,Taylor,WTAYLOR,650.507.9876,2006-01-24,SH_CLERK,3706.72,,120.0,50.0
181,Jean,Fleaur,JFLEAUR,650.507.9877,2006-02-23,SH_CLERK,3590.96,,120.0,50.0
182,Martha,Sullivan,MSULLIVA,650.507.9878,2007-06-21,SH_CLERK,2896.38,,120.0,50.0
183,Girard,Geoni,GGEONI,650.507.9879,2008-02-03,SH_CLERK,3243.67,,120.0,50.0
184,Nandita,Sarchand,NSARCHAN,650.509.1876,2004-01-27,SH_CLERK,4202.0,,121.0,50.0
185,Alexis,Bull,ABULL,650.509.2876,2005-02-20,SH_CLERK,4102.0,,121.0,50.0
186,Julia,Dellinger,JDELLING,650.509.3876,2006-06-24,SH_CLERK,3938.25,,121.0,50.0
187,Anthony,Cabrio,ACABRIO,650.509.4876,2007-02-07,SH_CLERK,3475.2,,121.0,50.0
188,Kelly,Chung,KCHUNG,650.505.1876,2005-06-14,SH_CLERK,3802.0,,122.0,50.0
189,Jennifer,Dilly,JDILLY,650.505.2876,2005-08-13,SH_CLERK,3782.1,,122.0,50.0
190,Timothy,Gates,TGATES,650.505.3876,2006-07-11,SH_CLERK,3359.43,,122.0,50.0
191,Randall,Perkins,RPERKINS,650.505.4876,2007-12-19,SH_CLERK,2896.38,,122.0,50.0
192,Sarah,Bell,SBELL,650.501.1876,2004-02-04,SH_CLERK,4002.0,,123.0,50.0
193,Britney,Everett,BEVERETT,650.501.2876,2005-03-03,SH_CLERK,3902.0,,123.0,50.0
194,Samuel,Mccain,SMCCAIN,650.501.3876,2006-07-01,SH_CLERK,3706.72,,123.0,50.0
195,Vance,Jones,VJONES,650.501.4876,2007-03-17,SH_CLERK,3243.67,,123.0,50.0
196,Alana,Walsh,AWALSH,650.507.9811,2006-04-24,SH_CLERK,3590.96,,124.0,50.0
197,Kevin,Feeney,KFEENEY,650.507.9822,2006-05-23,SH_CLERK,3475.2,,124.0,50.0
198,Donald,Oconnell,DOCONNEL,650.507.9833,2007-06-21,SH_CLERK,3012.15,,124.0,50.0
199,Douglas,Grant,DGRANT,650.507.9844,2008-01-13,SH_CLERK,3012.15,,124.0,50.0
200,Jennifer,Whalen,JWHALEN,515.123.4444,2003-09-17,AD_ASST,4400.0,,101.0,10.0
201,Michael,Hartstein,MHARTSTE,515.123.5555,2004-02-17,MK_MAN,13000.0,,100.0,20.0
202,Pat,Fay,PFAY,603.123.6666,2005-08-17,MK_REP,6945.75,,201.0,20.0
203,Susan,Mavris,SMAVRIS,515.123.7777,2002-06-07,HR_REP,6500.0,,101.0,40.0
204,Hermann,Baer,HBAER,515.123.8888,2002-06-07,PR_REP,10000.0,,101.0,70.0
205,Shelley,Higgins,SHIGGINS,515.123.8080,2002-06-07,AC_MGR,12008.0,,101.0,110.0
206,William,Gietz,WGIETZ,515.123.8181,2002-06-07,AC_ACCOUNT,9608.29,,205.0,110.0
